dataset,filename,score,path
aihub,ID2303.png,2,C:\Users\한국전파진흥협회\Desktop\dataset\combined\images\aihub\ID2303.png
aihub,ID2304.png,3,C:\Users\한국전파진흥협회\Desktop\dataset\combined\images\aihub\ID2304.png
aihub,ID2305.png,2,C:\Users\한국전파진흥협회\Desktop\dataset\combined\images\aihub\ID2305.png
aihub,ID2306.png,2,C:\Users\한국전파진흥협회\Desktop\dataset\combined\images\aihub\ID2306.png
aihub,ID2307.png,2,C:\Users\한국전파진흥협회\Desktop\dataset\combined\images\aihub\ID2307.png
aihub,ID2308.png,2,C:\Users\한국전파진흥협회\Desktop\dataset\combined\images\aihub\ID2308.png
aihub,ID2310.png,2,C:\Users\한국전파진흥협회\Desktop\dataset\combined\images\aihub\ID2310.png
aihub,ID2313.png,4,C:\Users\한국전파진흥협회\Desktop\dataset\combined\images\aihub\ID2313.png
aihub,ID2314.png,2,C:\Users\한국전파진흥협회\Desktop\dataset\combined\images\aihub\ID2314.png
aihub,ID2315.png,3,C:\Users\한국전파진흥협회\Desktop\dataset\combined\images\aihub\ID2315.png
aihub,ID2316.png,3,C:\Users\한국전파진흥협회\Desktop\dataset\combined\images\aihub\ID2316.png
aihub,ID2317.png,3,C:\Users\한국전파진흥협회\Desktop\dataset\combined\images\aihub\ID2317.png
aihub,ID2318.png,2,C:\Users\한국전파진흥협회\Desktop\dataset\combined\images\aihub\ID2318.png
aihub,ID2321.png,1,C:\Users\한국전파진흥협회\Desktop\dataset\combined\images\aihub\ID2321.png
aihub,ID2322.png,4,C:\Users\한국전파진흥협회\Desktop\dataset\combined\images\aihub\ID2322.png
aihub,ID2323.png,3,C:\Users\한국전파진흥협회\Desktop\dataset\combined\images\aihub\ID2323.png
aihub,ID2324.png,4,C:\Users\한국전파진흥협회\Desktop\dataset\combined\images\aihub\ID2324.png
aihub,ID2325.png,4,C:\Users\한국전파진흥협회\Desktop\dataset\combined\images\aihub\ID2325.png
aihub,ID2326.png,3,C:\Users\한국전파진흥협회\Desktop\dataset\combined\images\aihub\ID2326.png
aihub,ID2327.png,2,C:\Users\한국전파진흥협회\Desktop\dataset\combined\images\aihub\ID2327.png
aihub,ID2328.png,3,C:\Users\한국전파진흥협회\Desktop\dataset\combined\images\aihub\ID2328.png
aihub,ID2330.png,2,C:\Users\한국전파진흥협회\Desktop\dataset\combined\images\aihub\ID2330.png
aihub,ID2335.png,3,C:\Users\한국전파진흥협회\Desktop\dataset\combined\images\aihub\ID2335.png
aihub,ID2336.png,3,C:\Users\한국전파진흥협회\Desktop\dataset\combined\images\aihub\ID2336.png
aihub,ID2338.png,2,C:\Users\한국전파진흥협회\Desktop\dataset\combined\images\aihub\ID2338.png
aihub,ID2339.png,4,C:\Users\한국전파진흥협회\Desktop\dataset\combined\images\aihub\ID2339.png
aihub,ID2342.png,2,C:\Users\한국전파진흥협회\Desktop\dataset\combined\images\aihub\ID2342.png
aihub,ID2345.png,2,C:\Users\한국전파진흥협회\Desktop\dataset\combined\images\aihub\ID2345.png
aihub,ID2346.png,2,C:\Users\한국전파진흥협회\Desktop\dataset\combined\images\aihub\ID2346.png
aihub,ID2354.png,3,C:\Users\한국전파진흥협회\Desktop\dataset\combined\images\aihub\ID2354.png
aihub,ID2356.png,2,C:\Users\한국전파진흥협회\Desktop\dataset\combined\images\aihub\ID2356.png
aihub,ID2358.png,2,C:\Users\한국전파진흥협회\Desktop\dataset\combined\images\aihub\ID2358.png
aihub,ID2360.png,4,C:\Users\한국전파진흥협회\Desktop\dataset\combined\images\aihub\ID2360.png
aihub,ID2361.png,3,C:\Users\한국전파진흥협회\Desktop\dataset\combined\images\aihub\ID2361.png
aihub,ID2363.png,2,C:\Users\한국전파진흥협회\Desktop\dataset\combined\images\aihub\ID2363.png
aihub,ID2367.png,4,C:\Users\한국전파진흥협회\Desktop\dataset\combined\images\aihub\ID2367.png
aihub,ID2368.png,4,C:\Users\한국전파진흥협회\Desktop\dataset\combined\images\aihub\ID2368.png
aihub,ID2370.png,4,C:\Users\한국전파진흥협회\Desktop\dataset\combined\images\aihub\ID2370.png
aihub,ID2371.png,4,C:\Users\한국전파진흥협회\Desktop\dataset\combined\images\aihub\ID2371.png
aihub,ID2372.png,4,C:\Users\한국전파진흥협회\Desktop\dataset\combined\images\aihub\ID2372.png
aihub,ID2374.png,3,C:\Users\한국전파진흥협회\Desktop\dataset\combined\images\aihub\ID2374.png
aihub,ID2375.png,2,C:\Users\한국전파진흥협회\Desktop\dataset\combined\images\aihub\ID2375.png
aihub,ID2377.png,2,C:\Users\한국전파진흥협회\Desktop\dataset\combined\images\aihub\ID2377.png
aihub,ID2378.png,3,C:\Users\한국전파진흥협회\Desktop\dataset\combined\images\aihub\ID2378.png
aihub,ID2379.png,2,C:\Users\한국전파진흥협회\Desktop\dataset\combined\images\aihub\ID2379.png
aihub,ID2381.png,2,C:\Users\한국전파진흥협회\Desktop\dataset\combined\images\aihub\ID2381.png
aihub,ID2382.png,2,C:\Users\한국전파진흥협회\Desktop\dataset\combined\images\aihub\ID2382.png
aihub,ID2385.png,2,C:\Users\한국전파진흥협회\Desktop\dataset\combined\images\aihub\ID2385.png
aihub,ID2386.png,3,C:\Users\한국전파진흥협회\Desktop\dataset\combined\images\aihub\ID2386.png
aihub,ID2387.png,2,C:\Users\한국전파진흥협회\Desktop\dataset\combined\images\aihub\ID2387.png
aihub,ID2391.png,2,C:\Users\한국전파진흥협회\Desktop\dataset\combined\images\aihub\ID2391.png
aihub,ID2392.png,2,C:\Users\한국전파진흥협회\Desktop\dataset\combined\images\aihub\ID2392.png
aihub,ID2401.png,5,C:\Users\한국전파진흥협회\Desktop\dataset\combined\images\aihub\ID2401.png
aihub,ID2402.png,2,C:\Users\한국전파진흥협회\Desktop\dataset\combined\images\aihub\ID2402.png
aihub,ID2403.png,2,C:\Users\한국전파진흥협회\Desktop\dataset\combined\images\aihub\ID2403.png
aihub,ID2404.png,4,C:\Users\한국전파진흥협회\Desktop\dataset\combined\images\aihub\ID2404.png
aihub,ID2405.png,4,C:\Users\한국전파진흥협회\Desktop\dataset\combined\images\aihub\ID2405.png
aihub,ID2409.png,3,C:\Users\한국전파진흥협회\Desktop\dataset\combined\images\aihub\ID2409.png
aihub,ID2410.png,4,C:\Users\한국전파진흥협회\Desktop\dataset\combined\images\aihub\ID2410.png
aihub,ID2411.png,3,C:\Users\한국전파진흥협회\Desktop\dataset\combined\images\aihub\ID2411.png
aihub,ID2413.png,4,C:\Users\한국전파진흥협회\Desktop\dataset\combined\images\aihub\ID2413.png
aihub,ID2414.png,2,C:\Users\한국전파진흥협회\Desktop\dataset\combined\images\aihub\ID2414.png
aihub,ID2415.png,2,C:\Users\한국전파진흥협회\Desktop\dataset\combined\images\aihub\ID2415.png
aihub,ID2419.png,3,C:\Users\한국전파진흥협회\Desktop\dataset\combined\images\aihub\ID2419.png
aihub,ID2420.png,4,C:\Users\한국전파진흥협회\Desktop\dataset\combined\images\aihub\ID2420.png
aihub,ID2423.png,2,C:\Users\한국전파진흥협회\Desktop\dataset\combined\images\aihub\ID2423.png
aihub,ID2424.png,3,C:\Users\한국전파진흥협회\Desktop\dataset\combined\images\aihub\ID2424.png
aihub,ID2425.png,1,C:\Users\한국전파진흥협회\Desktop\dataset\combined\images\aihub\ID2425.png
aihub,ID2426.png,3,C:\Users\한국전파진흥협회\Desktop\dataset\combined\images\aihub\ID2426.png
aihub,ID2429.png,3,C:\Users\한국전파진흥협회\Desktop\dataset\combined\images\aihub\ID2429.png
aihub,ID2430.png,2,C:\Users\한국전파진흥협회\Desktop\dataset\combined\images\aihub\ID2430.png
aihub,ID2431.png,2,C:\Users\한국전파진흥협회\Desktop\dataset\combined\images\aihub\ID2431.png
aihub,ID2436.png,3,C:\Users\한국전파진흥협회\Desktop\dataset\combined\images\aihub\ID2436.png
aihub,ID2438.png,3,C:\Users\한국전파진흥협회\Desktop\dataset\combined\images\aihub\ID2438.png
aihub,ID2442.png,4,C:\Users\한국전파진흥협회\Desktop\dataset\combined\images\aihub\ID2442.png
aihub,ID2444.png,4,C:\Users\한국전파진흥협회\Desktop\dataset\combined\images\aihub\ID2444.png
aihub,ID2446.png,3,C:\Users\한국전파진흥협회\Desktop\dataset\combined\images\aihub\ID2446.png
aihub,ID2447.png,2,C:\Users\한국전파진흥협회\Desktop\dataset\combined\images\aihub\ID2447.png
aihub,ID2449.png,3,C:\Users\한국전파진흥협회\Desktop\dataset\combined\images\aihub\ID2449.png
aihub,ID2450.png,3,C:\Users\한국전파진흥협회\Desktop\dataset\combined\images\aihub\ID2450.png
aihub,ID2451.png,3,C:\Users\한국전파진흥협회\Desktop\dataset\combined\images\aihub\ID2451.png
aihub,ID2452.png,3,C:\Users\한국전파진흥협회\Desktop\dataset\combined\images\aihub\ID2452.png
aihub,ID2453.png,4,C:\Users\한국전파진흥협회\Desktop\dataset\combined\images\aihub\ID2453.png
aihub,ID2455.png,3,C:\Users\한국전파진흥협회\Desktop\dataset\combined\images\aihub\ID2455.png
aihub,ID2456.png,4,C:\Users\한국전파진흥협회\Desktop\dataset\combined\images\aihub\ID2456.png
aihub,ID2457.png,3,C:\Users\한국전파진흥협회\Desktop\dataset\combined\images\aihub\ID2457.png
aihub,ID2458.png,4,C:\Users\한국전파진흥협회\Desktop\dataset\combined\images\aihub\ID2458.png
aihub,ID2459.png,4,C:\Users\한국전파진흥협회\Desktop\dataset\combined\images\aihub\ID2459.png
aihub,ID2460.png,2,C:\Users\한국전파진흥협회\Desktop\dataset\combined\images\aihub\ID2460.png
aihub,ID2462.png,3,C:\Users\한국전파진흥협회\Desktop\dataset\combined\images\aihub\ID2462.png
aihub,ID2463.png,2,C:\Users\한국전파진흥협회\Desktop\dataset\combined\images\aihub\ID2463.png
aihub,ID2467.png,2,C:\Users\한국전파진흥협회\Desktop\dataset\combined\images\aihub\ID2467.png
aihub,ID2468.png,3,C:\Users\한국전파진흥협회\Desktop\dataset\combined\images\aihub\ID2468.png
aihub,ID2469.png,3,C:\Users\한국전파진흥협회\Desktop\dataset\combined\images\aihub\ID2469.png
aihub,ID2470.png,2,C:\Users\한국전파진흥협회\Desktop\dataset\combined\images\aihub\ID2470.png
aihub,ID2471.png,3,C:\Users\한국전파진흥협회\Desktop\dataset\combined\images\aihub\ID2471.png
aihub,ID2472.png,2,C:\Users\한국전파진흥협회\Desktop\dataset\combined\images\aihub\ID2472.png
aihub,ID2474.png,2,C:\Users\한국전파진흥협회\Desktop\dataset\combined\images\aihub\ID2474.png
aihub,ID2475.png,2,C:\Users\한국전파진흥협회\Desktop\dataset\combined\images\aihub\ID2475.png
aihub,ID2476.png,3,C:\Users\한국전파진흥협회\Desktop\dataset\combined\images\aihub\ID2476.png
aihub,ID2477.png,2,C:\Users\한국전파진흥협회\Desktop\dataset\combined\images\aihub\ID2477.png
aihub,ID2478.png,4,C:\Users\한국전파진흥협회\Desktop\dataset\combined\images\aihub\ID2478.png
aihub,ID2479.png,3,C:\Users\한국전파진흥협회\Desktop\dataset\combined\images\aihub\ID2479.png
aihub,ID2481.png,3,C:\Users\한국전파진흥협회\Desktop\dataset\combined\images\aihub\ID2481.png
aihub,ID2482.png,2,C:\Users\한국전파진흥협회\Desktop\dataset\combined\images\aihub\ID2482.png
aihub,ID2483.png,4,C:\Users\한국전파진흥협회\Desktop\dataset\combined\images\aihub\ID2483.png
aihub,ID2485.png,4,C:\Users\한국전파진흥협회\Desktop\dataset\combined\images\aihub\ID2485.png
aihub,ID2489.png,3,C:\Users\한국전파진흥협회\Desktop\dataset\combined\images\aihub\ID2489.png
aihub,ID2491.png,3,C:\Users\한국전파진흥협회\Desktop\dataset\combined\images\aihub\ID2491.png
aihub,ID2492.png,4,C:\Users\한국전파진흥협회\Desktop\dataset\combined\images\aihub\ID2492.png
aihub,ID2495.png,2,C:\Users\한국전파진흥협회\Desktop\dataset\combined\images\aihub\ID2495.png
aihub,ID2502.png,2,C:\Users\한국전파진흥협회\Desktop\dataset\combined\images\aihub\ID2502.png
aihub,ID2506.png,1,C:\Users\한국전파진흥협회\Desktop\dataset\combined\images\aihub\ID2506.png
aihub,ID2510.png,2,C:\Users\한국전파진흥협회\Desktop\dataset\combined\images\aihub\ID2510.png
aihub,ID2514.png,2,C:\Users\한국전파진흥협회\Desktop\dataset\combined\images\aihub\ID2514.png
aihub,ID2515.png,3,C:\Users\한국전파진흥협회\Desktop\dataset\combined\images\aihub\ID2515.png
aihub,ID2517.png,2,C:\Users\한국전파진흥협회\Desktop\dataset\combined\images\aihub\ID2517.png
aihub,ID2518.png,1,C:\Users\한국전파진흥협회\Desktop\dataset\combined\images\aihub\ID2518.png
aihub,ID2520.png,3,C:\Users\한국전파진흥협회\Desktop\dataset\combined\images\aihub\ID2520.png
aihub,ID2522.png,5,C:\Users\한국전파진흥협회\Desktop\dataset\combined\images\aihub\ID2522.png
aihub,ID2526.png,2,C:\Users\한국전파진흥협회\Desktop\dataset\combined\images\aihub\ID2526.png
aihub,ID2530.png,2,C:\Users\한국전파진흥협회\Desktop\dataset\combined\images\aihub\ID2530.png
aihub,ID2539.png,2,C:\Users\한국전파진흥협회\Desktop\dataset\combined\images\aihub\ID2539.png
aihub,ID2546.png,2,C:\Users\한국전파진흥협회\Desktop\dataset\combined\images\aihub\ID2546.png
aihub,ID2548.png,2,C:\Users\한국전파진흥협회\Desktop\dataset\combined\images\aihub\ID2548.png
aihub,ID2549.png,2,C:\Users\한국전파진흥협회\Desktop\dataset\combined\images\aihub\ID2549.png
aihub,ID2552.png,1,C:\Users\한국전파진흥협회\Desktop\dataset\combined\images\aihub\ID2552.png
aihub,ID2555.png,1,C:\Users\한국전파진흥협회\Desktop\dataset\combined\images\aihub\ID2555.png
aihub,ID2556.png,2,C:\Users\한국전파진흥협회\Desktop\dataset\combined\images\aihub\ID2556.png
aihub,ID2561.png,2,C:\Users\한국전파진흥협회\Desktop\dataset\combined\images\aihub\ID2561.png
aihub,ID2562.png,3,C:\Users\한국전파진흥협회\Desktop\dataset\combined\images\aihub\ID2562.png
aihub,ID2564.png,3,C:\Users\한국전파진흥협회\Desktop\dataset\combined\images\aihub\ID2564.png
aihub,ID2572.png,2,C:\Users\한국전파진흥협회\Desktop\dataset\combined\images\aihub\ID2572.png
aihub,ID2575.png,2,C:\Users\한국전파진흥협회\Desktop\dataset\combined\images\aihub\ID2575.png
aihub,ID2576.png,4,C:\Users\한국전파진흥협회\Desktop\dataset\combined\images\aihub\ID2576.png
aihub,ID2578.png,2,C:\Users\한국전파진흥협회\Desktop\dataset\combined\images\aihub\ID2578.png
aihub,ID2583.png,2,C:\Users\한국전파진흥협회\Desktop\dataset\combined\images\aihub\ID2583.png
aihub,ID2585.png,2,C:\Users\한국전파진흥협회\Desktop\dataset\combined\images\aihub\ID2585.png
aihub,ID2586.png,2,C:\Users\한국전파진흥협회\Desktop\dataset\combined\images\aihub\ID2586.png
aihub,ID2587.png,2,C:\Users\한국전파진흥협회\Desktop\dataset\combined\images\aihub\ID2587.png
aihub,ID2593.png,1,C:\Users\한국전파진흥협회\Desktop\dataset\combined\images\aihub\ID2593.png
aihub,ID2597.png,2,C:\Users\한국전파진흥협회\Desktop\dataset\combined\images\aihub\ID2597.png
aihub,ID2599.png,2,C:\Users\한국전파진흥협회\Desktop\dataset\combined\images\aihub\ID2599.png
aihub,ID2601.png,2,C:\Users\한국전파진흥협회\Desktop\dataset\combined\images\aihub\ID2601.png
aihub,ID2602.png,3,C:\Users\한국전파진흥협회\Desktop\dataset\combined\images\aihub\ID2602.png
aihub,ID2608.png,3,C:\Users\한국전파진흥협회\Desktop\dataset\combined\images\aihub\ID2608.png
aihub,ID2610.png,1,C:\Users\한국전파진흥협회\Desktop\dataset\combined\images\aihub\ID2610.png
aihub,ID2611.png,1,C:\Users\한국전파진흥협회\Desktop\dataset\combined\images\aihub\ID2611.png
aihub,ID2619.png,2,C:\Users\한국전파진흥협회\Desktop\dataset\combined\images\aihub\ID2619.png
aihub,ID2620.png,3,C:\Users\한국전파진흥협회\Desktop\dataset\combined\images\aihub\ID2620.png
aihub,ID2629.png,2,C:\Users\한국전파진흥협회\Desktop\dataset\combined\images\aihub\ID2629.png
aihub,ID2639.png,2,C:\Users\한국전파진흥협회\Desktop\dataset\combined\images\aihub\ID2639.png
aihub,ID2640.png,2,C:\Users\한국전파진흥협회\Desktop\dataset\combined\images\aihub\ID2640.png
aihub,ID2641.png,2,C:\Users\한국전파진흥협회\Desktop\dataset\combined\images\aihub\ID2641.png
aihub,ID2643.png,4,C:\Users\한국전파진흥협회\Desktop\dataset\combined\images\aihub\ID2643.png
aihub,ID2646.png,2,C:\Users\한국전파진흥협회\Desktop\dataset\combined\images\aihub\ID2646.png
aihub,ID2647.png,3,C:\Users\한국전파진흥협회\Desktop\dataset\combined\images\aihub\ID2647.png
aihub,ID2649.png,3,C:\Users\한국전파진흥협회\Desktop\dataset\combined\images\aihub\ID2649.png
aihub,ID2652.png,4,C:\Users\한국전파진흥협회\Desktop\dataset\combined\images\aihub\ID2652.png
aihub,ID2654.png,2,C:\Users\한국전파진흥협회\Desktop\dataset\combined\images\aihub\ID2654.png
aihub,ID2656.png,3,C:\Users\한국전파진흥협회\Desktop\dataset\combined\images\aihub\ID2656.png
aihub,ID2661.png,2,C:\Users\한국전파진흥협회\Desktop\dataset\combined\images\aihub\ID2661.png
aihub,ID2670.png,3,C:\Users\한국전파진흥협회\Desktop\dataset\combined\images\aihub\ID2670.png
aihub,ID2675.png,2,C:\Users\한국전파진흥협회\Desktop\dataset\combined\images\aihub\ID2675.png
aihub,ID2679.png,3,C:\Users\한국전파진흥협회\Desktop\dataset\combined\images\aihub\ID2679.png
aihub,ID2681.png,3,C:\Users\한국전파진흥협회\Desktop\dataset\combined\images\aihub\ID2681.png
aihub,ID2686.png,1,C:\Users\한국전파진흥협회\Desktop\dataset\combined\images\aihub\ID2686.png
aihub,ID2688.png,4,C:\Users\한국전파진흥협회\Desktop\dataset\combined\images\aihub\ID2688.png
aihub,ID2690.png,3,C:\Users\한국전파진흥협회\Desktop\dataset\combined\images\aihub\ID2690.png
aihub,ID2693.png,3,C:\Users\한국전파진흥협회\Desktop\dataset\combined\images\aihub\ID2693.png
aihub,ID2697.png,4,C:\Users\한국전파진흥협회\Desktop\dataset\combined\images\aihub\ID2697.png
aihub,ID2699.png,2,C:\Users\한국전파진흥협회\Desktop\dataset\combined\images\aihub\ID2699.png
aihub,ID2701.png,4,C:\Users\한국전파진흥협회\Desktop\dataset\combined\images\aihub\ID2701.png
aihub,ID2709.png,3,C:\Users\한국전파진흥협회\Desktop\dataset\combined\images\aihub\ID2709.png
aihub,ID2712.png,3,C:\Users\한국전파진흥협회\Desktop\dataset\combined\images\aihub\ID2712.png
aihub,ID2716.png,2,C:\Users\한국전파진흥협회\Desktop\dataset\combined\images\aihub\ID2716.png
aihub,ID2724.png,2,C:\Users\한국전파진흥협회\Desktop\dataset\combined\images\aihub\ID2724.png
aihub,ID2725.png,3,C:\Users\한국전파진흥협회\Desktop\dataset\combined\images\aihub\ID2725.png
aihub,ID2728.png,2,C:\Users\한국전파진흥협회\Desktop\dataset\combined\images\aihub\ID2728.png
aihub,ID2732.png,2,C:\Users\한국전파진흥협회\Desktop\dataset\combined\images\aihub\ID2732.png
aihub,ID2738.png,2,C:\Users\한국전파진흥협회\Desktop\dataset\combined\images\aihub\ID2738.png
aihub,ID2740.png,1,C:\Users\한국전파진흥협회\Desktop\dataset\combined\images\aihub\ID2740.png
aihub,ID2741.png,2,C:\Users\한국전파진흥협회\Desktop\dataset\combined\images\aihub\ID2741.png
aihub,ID2744.png,3,C:\Users\한국전파진흥협회\Desktop\dataset\combined\images\aihub\ID2744.png
aihub,ID2745.png,2,C:\Users\한국전파진흥협회\Desktop\dataset\combined\images\aihub\ID2745.png
aihub,ID2746.png,2,C:\Users\한국전파진흥협회\Desktop\dataset\combined\images\aihub\ID2746.png
aihub,ID2750.png,4,C:\Users\한국전파진흥협회\Desktop\dataset\combined\images\aihub\ID2750.png
aihub,ID2751.png,2,C:\Users\한국전파진흥협회\Desktop\dataset\combined\images\aihub\ID2751.png
aihub,ID2752.png,2,C:\Users\한국전파진흥협회\Desktop\dataset\combined\images\aihub\ID2752.png
aihub,ID2756.png,3,C:\Users\한국전파진흥협회\Desktop\dataset\combined\images\aihub\ID2756.png
aihub,ID2759.png,3,C:\Users\한국전파진흥협회\Desktop\dataset\combined\images\aihub\ID2759.png
aihub,ID2767.png,3,C:\Users\한국전파진흥협회\Desktop\dataset\combined\images\aihub\ID2767.png
aihub,ID2768.png,2,C:\Users\한국전파진흥협회\Desktop\dataset\combined\images\aihub\ID2768.png
aihub,ID2772.png,3,C:\Users\한국전파진흥협회\Desktop\dataset\combined\images\aihub\ID2772.png
aihub,ID2773.png,3,C:\Users\한국전파진흥협회\Desktop\dataset\combined\images\aihub\ID2773.png
aihub,ID2785.png,2,C:\Users\한국전파진흥협회\Desktop\dataset\combined\images\aihub\ID2785.png
aihub,ID2786.png,3,C:\Users\한국전파진흥협회\Desktop\dataset\combined\images\aihub\ID2786.png
aihub,ID2787.png,2,C:\Users\한국전파진흥협회\Desktop\dataset\combined\images\aihub\ID2787.png
aihub,ID2788.png,3,C:\Users\한국전파진흥협회\Desktop\dataset\combined\images\aihub\ID2788.png
aihub,ID2790.png,5,C:\Users\한국전파진흥협회\Desktop\dataset\combined\images\aihub\ID2790.png
aihub,ID2792.png,2,C:\Users\한국전파진흥협회\Desktop\dataset\combined\images\aihub\ID2792.png
aihub,ID2794.png,1,C:\Users\한국전파진흥협회\Desktop\dataset\combined\images\aihub\ID2794.png
aihub,ID2795.png,3,C:\Users\한국전파진흥협회\Desktop\dataset\combined\images\aihub\ID2795.png
aihub,ID2796.png,1,C:\Users\한국전파진흥협회\Desktop\dataset\combined\images\aihub\ID2796.png
aihub,ID2803.png,2,C:\Users\한국전파진흥협회\Desktop\dataset\combined\images\aihub\ID2803.png
aihub,ID2805.png,1,C:\Users\한국전파진흥협회\Desktop\dataset\combined\images\aihub\ID2805.png
aihub,ID2807.png,1,C:\Users\한국전파진흥협회\Desktop\dataset\combined\images\aihub\ID2807.png
aihub,ID2808.png,3,C:\Users\한국전파진흥협회\Desktop\dataset\combined\images\aihub\ID2808.png
aihub,ID2809.png,1,C:\Users\한국전파진흥협회\Desktop\dataset\combined\images\aihub\ID2809.png
aihub,ID2813.png,1,C:\Users\한국전파진흥협회\Desktop\dataset\combined\images\aihub\ID2813.png
aihub,ID2818.png,1,C:\Users\한국전파진흥협회\Desktop\dataset\combined\images\aihub\ID2818.png
aihub,ID2822.png,1,C:\Users\한국전파진흥협회\Desktop\dataset\combined\images\aihub\ID2822.png
aihub,ID2825.png,4,C:\Users\한국전파진흥협회\Desktop\dataset\combined\images\aihub\ID2825.png
aihub,ID2828.png,2,C:\Users\한국전파진흥협회\Desktop\dataset\combined\images\aihub\ID2828.png
aihub,ID2829.png,1,C:\Users\한국전파진흥협회\Desktop\dataset\combined\images\aihub\ID2829.png
aihub,ID2830.png,2,C:\Users\한국전파진흥협회\Desktop\dataset\combined\images\aihub\ID2830.png
aihub,ID2837.png,1,C:\Users\한국전파진흥협회\Desktop\dataset\combined\images\aihub\ID2837.png
aihub,ID2839.png,2,C:\Users\한국전파진흥협회\Desktop\dataset\combined\images\aihub\ID2839.png
aihub,ID2841.png,4,C:\Users\한국전파진흥협회\Desktop\dataset\combined\images\aihub\ID2841.png
aihub,ID2842.png,2,C:\Users\한국전파진흥협회\Desktop\dataset\combined\images\aihub\ID2842.png
aihub,ID2844.png,1,C:\Users\한국전파진흥협회\Desktop\dataset\combined\images\aihub\ID2844.png
aihub,ID2845.png,1,C:\Users\한국전파진흥협회\Desktop\dataset\combined\images\aihub\ID2845.png
aihub,ID2849.png,1,C:\Users\한국전파진흥협회\Desktop\dataset\combined\images\aihub\ID2849.png
aihub,ID2850.png,1,C:\Users\한국전파진흥협회\Desktop\dataset\combined\images\aihub\ID2850.png
aihub,ID2852.png,1,C:\Users\한국전파진흥협회\Desktop\dataset\combined\images\aihub\ID2852.png
aihub,ID2853.png,1,C:\Users\한국전파진흥협회\Desktop\dataset\combined\images\aihub\ID2853.png
aihub,ID2862.png,2,C:\Users\한국전파진흥협회\Desktop\dataset\combined\images\aihub\ID2862.png
aihub,ID2865.png,2,C:\Users\한국전파진흥협회\Desktop\dataset\combined\images\aihub\ID2865.png
aihub,ID2868.png,2,C:\Users\한국전파진흥협회\Desktop\dataset\combined\images\aihub\ID2868.png
aihub,ID2869.png,1,C:\Users\한국전파진흥협회\Desktop\dataset\combined\images\aihub\ID2869.png
aihub,ID2874.png,1,C:\Users\한국전파진흥협회\Desktop\dataset\combined\images\aihub\ID2874.png
aihub,ID2876.png,2,C:\Users\한국전파진흥협회\Desktop\dataset\combined\images\aihub\ID2876.png
aihub,ID2878.png,3,C:\Users\한국전파진흥협회\Desktop\dataset\combined\images\aihub\ID2878.png
aihub,ID2879.png,2,C:\Users\한국전파진흥협회\Desktop\dataset\combined\images\aihub\ID2879.png
aihub,ID2883.png,2,C:\Users\한국전파진흥협회\Desktop\dataset\combined\images\aihub\ID2883.png
aihub,ID2890.png,2,C:\Users\한국전파진흥협회\Desktop\dataset\combined\images\aihub\ID2890.png
aihub,ID2893.png,3,C:\Users\한국전파진흥협회\Desktop\dataset\combined\images\aihub\ID2893.png
aihub,ID2895.png,3,C:\Users\한국전파진흥협회\Desktop\dataset\combined\images\aihub\ID2895.png
aihub,ID2898.png,3,C:\Users\한국전파진흥협회\Desktop\dataset\combined\images\aihub\ID2898.png
aihub,ID2903.png,1,C:\Users\한국전파진흥협회\Desktop\dataset\combined\images\aihub\ID2903.png
aihub,ID2906.png,1,C:\Users\한국전파진흥협회\Desktop\dataset\combined\images\aihub\ID2906.png
aihub,ID2907.png,2,C:\Users\한국전파진흥협회\Desktop\dataset\combined\images\aihub\ID2907.png
aihub,ID2912.png,1,C:\Users\한국전파진흥협회\Desktop\dataset\combined\images\aihub\ID2912.png
aihub,ID2915.png,2,C:\Users\한국전파진흥협회\Desktop\dataset\combined\images\aihub\ID2915.png
aihub,ID2919.png,1,C:\Users\한국전파진흥협회\Desktop\dataset\combined\images\aihub\ID2919.png
aihub,ID2922.png,2,C:\Users\한국전파진흥협회\Desktop\dataset\combined\images\aihub\ID2922.png
aihub,ID2923.png,3,C:\Users\한국전파진흥협회\Desktop\dataset\combined\images\aihub\ID2923.png
aihub,ID2927.png,2,C:\Users\한국전파진흥협회\Desktop\dataset\combined\images\aihub\ID2927.png
aihub,ID2929.png,2,C:\Users\한국전파진흥협회\Desktop\dataset\combined\images\aihub\ID2929.png
aihub,ID2930.png,1,C:\Users\한국전파진흥협회\Desktop\dataset\combined\images\aihub\ID2930.png
aihub,ID2931.png,4,C:\Users\한국전파진흥협회\Desktop\dataset\combined\images\aihub\ID2931.png
aihub,ID2932.png,3,C:\Users\한국전파진흥협회\Desktop\dataset\combined\images\aihub\ID2932.png
aihub,ID2933.png,2,C:\Users\한국전파진흥협회\Desktop\dataset\combined\images\aihub\ID2933.png
aihub,ID2935.png,2,C:\Users\한국전파진흥협회\Desktop\dataset\combined\images\aihub\ID2935.png
aihub,ID2940.png,2,C:\Users\한국전파진흥협회\Desktop\dataset\combined\images\aihub\ID2940.png
aihub,ID2943.png,1,C:\Users\한국전파진흥협회\Desktop\dataset\combined\images\aihub\ID2943.png
aihub,ID2944.png,1,C:\Users\한국전파진흥협회\Desktop\dataset\combined\images\aihub\ID2944.png
aihub,ID2947.png,1,C:\Users\한국전파진흥협회\Desktop\dataset\combined\images\aihub\ID2947.png
aihub,ID2949.png,3,C:\Users\한국전파진흥협회\Desktop\dataset\combined\images\aihub\ID2949.png
aihub,ID2952.png,2,C:\Users\한국전파진흥협회\Desktop\dataset\combined\images\aihub\ID2952.png
aihub,ID2962.png,2,C:\Users\한국전파진흥협회\Desktop\dataset\combined\images\aihub\ID2962.png
aihub,ID2963.png,3,C:\Users\한국전파진흥협회\Desktop\dataset\combined\images\aihub\ID2963.png
aihub,ID2965.png,3,C:\Users\한국전파진흥협회\Desktop\dataset\combined\images\aihub\ID2965.png
aihub,ID2969.png,1,C:\Users\한국전파진흥협회\Desktop\dataset\combined\images\aihub\ID2969.png
aihub,ID2970.png,1,C:\Users\한국전파진흥협회\Desktop\dataset\combined\images\aihub\ID2970.png
aihub,ID2971.png,4,C:\Users\한국전파진흥협회\Desktop\dataset\combined\images\aihub\ID2971.png
aihub,ID2975.png,2,C:\Users\한국전파진흥협회\Desktop\dataset\combined\images\aihub\ID2975.png
aihub,ID2977.png,1,C:\Users\한국전파진흥협회\Desktop\dataset\combined\images\aihub\ID2977.png
aihub,ID2978.png,2,C:\Users\한국전파진흥협회\Desktop\dataset\combined\images\aihub\ID2978.png
aihub,ID2987.png,2,C:\Users\한국전파진흥협회\Desktop\dataset\combined\images\aihub\ID2987.png
aihub,ID2992.png,1,C:\Users\한국전파진흥협회\Desktop\dataset\combined\images\aihub\ID2992.png
aihub,ID2993.png,2,C:\Users\한국전파진흥협회\Desktop\dataset\combined\images\aihub\ID2993.png
aihub,ID2998.png,1,C:\Users\한국전파진흥협회\Desktop\dataset\combined\images\aihub\ID2998.png
aihub,ID3001.png,1,C:\Users\한국전파진흥협회\Desktop\dataset\combined\images\aihub\ID3001.png
aihub,ID3003.png,1,C:\Users\한국전파진흥협회\Desktop\dataset\combined\images\aihub\ID3003.png
aihub,ID3004.png,4,C:\Users\한국전파진흥협회\Desktop\dataset\combined\images\aihub\ID3004.png
aihub,ID3008.png,2,C:\Users\한국전파진흥협회\Desktop\dataset\combined\images\aihub\ID3008.png
aihub,ID3011.png,1,C:\Users\한국전파진흥협회\Desktop\dataset\combined\images\aihub\ID3011.png
aihub,ID3014.png,2,C:\Users\한국전파진흥협회\Desktop\dataset\combined\images\aihub\ID3014.png
aihub,ID3015.png,1,C:\Users\한국전파진흥협회\Desktop\dataset\combined\images\aihub\ID3015.png
aihub,ID3017.png,1,C:\Users\한국전파진흥협회\Desktop\dataset\combined\images\aihub\ID3017.png
aihub,ID3024.png,2,C:\Users\한국전파진흥협회\Desktop\dataset\combined\images\aihub\ID3024.png
aihub,ID3025.png,2,C:\Users\한국전파진흥협회\Desktop\dataset\combined\images\aihub\ID3025.png
aihub,ID3028.png,4,C:\Users\한국전파진흥협회\Desktop\dataset\combined\images\aihub\ID3028.png
aihub,ID3038.png,2,C:\Users\한국전파진흥협회\Desktop\dataset\combined\images\aihub\ID3038.png
aihub,ID3047.png,2,C:\Users\한국전파진흥협회\Desktop\dataset\combined\images\aihub\ID3047.png
aihub,ID3048.png,3,C:\Users\한국전파진흥협회\Desktop\dataset\combined\images\aihub\ID3048.png
aihub,ID3052.png,1,C:\Users\한국전파진흥협회\Desktop\dataset\combined\images\aihub\ID3052.png
aihub,ID3055.png,1,C:\Users\한국전파진흥협회\Desktop\dataset\combined\images\aihub\ID3055.png
aihub,ID3070.png,2,C:\Users\한국전파진흥협회\Desktop\dataset\combined\images\aihub\ID3070.png
aihub,ID3073.png,2,C:\Users\한국전파진흥협회\Desktop\dataset\combined\images\aihub\ID3073.png
aihub,ID3076.png,1,C:\Users\한국전파진흥협회\Desktop\dataset\combined\images\aihub\ID3076.png
aihub,ID3079.png,2,C:\Users\한국전파진흥협회\Desktop\dataset\combined\images\aihub\ID3079.png
aihub,ID3081.png,2,C:\Users\한국전파진흥협회\Desktop\dataset\combined\images\aihub\ID3081.png
aihub,ID3082.png,2,C:\Users\한국전파진흥협회\Desktop\dataset\combined\images\aihub\ID3082.png
aihub,ID3083.png,1,C:\Users\한국전파진흥협회\Desktop\dataset\combined\images\aihub\ID3083.png
aihub,ID3096.png,4,C:\Users\한국전파진흥협회\Desktop\dataset\combined\images\aihub\ID3096.png
aihub,ID3098.png,2,C:\Users\한국전파진흥협회\Desktop\dataset\combined\images\aihub\ID3098.png
aihub,ID3103.png,2,C:\Users\한국전파진흥협회\Desktop\dataset\combined\images\aihub\ID3103.png
aihub,ID3104.png,2,C:\Users\한국전파진흥협회\Desktop\dataset\combined\images\aihub\ID3104.png
aihub,ID3107.png,1,C:\Users\한국전파진흥협회\Desktop\dataset\combined\images\aihub\ID3107.png
aihub,ID3113.png,1,C:\Users\한국전파진흥협회\Desktop\dataset\combined\images\aihub\ID3113.png
aihub,ID3114.png,2,C:\Users\한국전파진흥협회\Desktop\dataset\combined\images\aihub\ID3114.png
aihub,ID3116.png,2,C:\Users\한국전파진흥협회\Desktop\dataset\combined\images\aihub\ID3116.png
aihub,ID3118.png,2,C:\Users\한국전파진흥협회\Desktop\dataset\combined\images\aihub\ID3118.png
aihub,ID3125.png,2,C:\Users\한국전파진흥협회\Desktop\dataset\combined\images\aihub\ID3125.png
aihub,ID3126.png,2,C:\Users\한국전파진흥협회\Desktop\dataset\combined\images\aihub\ID3126.png
aihub,ID3131.png,1,C:\Users\한국전파진흥협회\Desktop\dataset\combined\images\aihub\ID3131.png
aihub,ID3136.png,1,C:\Users\한국전파진흥협회\Desktop\dataset\combined\images\aihub\ID3136.png
aihub,ID3140.png,2,C:\Users\한국전파진흥협회\Desktop\dataset\combined\images\aihub\ID3140.png
aihub,ID3143.png,1,C:\Users\한국전파진흥협회\Desktop\dataset\combined\images\aihub\ID3143.png
aihub,ID3144.png,2,C:\Users\한국전파진흥협회\Desktop\dataset\combined\images\aihub\ID3144.png
aihub,ID3147.png,2,C:\Users\한국전파진흥협회\Desktop\dataset\combined\images\aihub\ID3147.png
aihub,ID3158.png,2,C:\Users\한국전파진흥협회\Desktop\dataset\combined\images\aihub\ID3158.png
aihub,ID3166.png,1,C:\Users\한국전파진흥협회\Desktop\dataset\combined\images\aihub\ID3166.png
aihub,ID3170.png,2,C:\Users\한국전파진흥협회\Desktop\dataset\combined\images\aihub\ID3170.png
aihub,ID3171.png,1,C:\Users\한국전파진흥협회\Desktop\dataset\combined\images\aihub\ID3171.png
aihub,ID3178.png,3,C:\Users\한국전파진흥협회\Desktop\dataset\combined\images\aihub\ID3178.png
aihub,ID3179.png,2,C:\Users\한국전파진흥협회\Desktop\dataset\combined\images\aihub\ID3179.png
aihub,ID3186.png,1,C:\Users\한국전파진흥협회\Desktop\dataset\combined\images\aihub\ID3186.png
aihub,ID3192.png,2,C:\Users\한국전파진흥협회\Desktop\dataset\combined\images\aihub\ID3192.png
aihub,ID3193.png,3,C:\Users\한국전파진흥협회\Desktop\dataset\combined\images\aihub\ID3193.png
aihub,ID3194.png,1,C:\Users\한국전파진흥협회\Desktop\dataset\combined\images\aihub\ID3194.png
aihub,ID3201.png,2,C:\Users\한국전파진흥협회\Desktop\dataset\combined\images\aihub\ID3201.png
aihub,ID3207.png,2,C:\Users\한국전파진흥협회\Desktop\dataset\combined\images\aihub\ID3207.png
aihub,ID3219.png,1,C:\Users\한국전파진흥협회\Desktop\dataset\combined\images\aihub\ID3219.png
aihub,ID3221.png,2,C:\Users\한국전파진흥협회\Desktop\dataset\combined\images\aihub\ID3221.png
aihub,ID3224.png,1,C:\Users\한국전파진흥협회\Desktop\dataset\combined\images\aihub\ID3224.png
aihub,ID3225.png,1,C:\Users\한국전파진흥협회\Desktop\dataset\combined\images\aihub\ID3225.png
aihub,ID3226.png,2,C:\Users\한국전파진흥협회\Desktop\dataset\combined\images\aihub\ID3226.png
aihub,ID3228.png,2,C:\Users\한국전파진흥협회\Desktop\dataset\combined\images\aihub\ID3228.png
aihub,ID3231.png,1,C:\Users\한국전파진흥협회\Desktop\dataset\combined\images\aihub\ID3231.png
aihub,ID3233.png,1,C:\Users\한국전파진흥협회\Desktop\dataset\combined\images\aihub\ID3233.png
aihub,ID3234.png,3,C:\Users\한국전파진흥협회\Desktop\dataset\combined\images\aihub\ID3234.png
aihub,ID3236.png,2,C:\Users\한국전파진흥협회\Desktop\dataset\combined\images\aihub\ID3236.png
aihub,ID3240.png,1,C:\Users\한국전파진흥협회\Desktop\dataset\combined\images\aihub\ID3240.png
aihub,ID3246.png,1,C:\Users\한국전파진흥협회\Desktop\dataset\combined\images\aihub\ID3246.png
aihub,ID3252.png,1,C:\Users\한국전파진흥협회\Desktop\dataset\combined\images\aihub\ID3252.png
aihub,ID3254.png,1,C:\Users\한국전파진흥협회\Desktop\dataset\combined\images\aihub\ID3254.png
aihub,ID3255.png,1,C:\Users\한국전파진흥협회\Desktop\dataset\combined\images\aihub\ID3255.png
aihub,ID3257.png,4,C:\Users\한국전파진흥협회\Desktop\dataset\combined\images\aihub\ID3257.png
aihub,ID3269.png,3,C:\Users\한국전파진흥협회\Desktop\dataset\combined\images\aihub\ID3269.png
aihub,ID3270.png,3,C:\Users\한국전파진흥협회\Desktop\dataset\combined\images\aihub\ID3270.png
aihub,ID3271.png,1,C:\Users\한국전파진흥협회\Desktop\dataset\combined\images\aihub\ID3271.png
aihub,ID3274.png,1,C:\Users\한국전파진흥협회\Desktop\dataset\combined\images\aihub\ID3274.png
aihub,ID3277.png,1,C:\Users\한국전파진흥협회\Desktop\dataset\combined\images\aihub\ID3277.png
aihub,ID3280.png,3,C:\Users\한국전파진흥협회\Desktop\dataset\combined\images\aihub\ID3280.png
aihub,ID3284.png,1,C:\Users\한국전파진흥협회\Desktop\dataset\combined\images\aihub\ID3284.png
aihub,ID3288.png,1,C:\Users\한국전파진흥협회\Desktop\dataset\combined\images\aihub\ID3288.png
aihub,ID3296.png,5,C:\Users\한국전파진흥협회\Desktop\dataset\combined\images\aihub\ID3296.png
aihub,ID3298.png,1,C:\Users\한국전파진흥협회\Desktop\dataset\combined\images\aihub\ID3298.png
aihub,ID3300.png,1,C:\Users\한국전파진흥협회\Desktop\dataset\combined\images\aihub\ID3300.png
aihub,ID3309.png,1,C:\Users\한국전파진흥협회\Desktop\dataset\combined\images\aihub\ID3309.png
aihub,ID3310.png,1,C:\Users\한국전파진흥협회\Desktop\dataset\combined\images\aihub\ID3310.png
aihub,ID3313.png,3,C:\Users\한국전파진흥협회\Desktop\dataset\combined\images\aihub\ID3313.png
aihub,ID3317.png,1,C:\Users\한국전파진흥협회\Desktop\dataset\combined\images\aihub\ID3317.png
aihub,ID3323.png,3,C:\Users\한국전파진흥협회\Desktop\dataset\combined\images\aihub\ID3323.png
aihub,ID3327.png,2,C:\Users\한국전파진흥협회\Desktop\dataset\combined\images\aihub\ID3327.png
aihub,ID3328.png,1,C:\Users\한국전파진흥협회\Desktop\dataset\combined\images\aihub\ID3328.png
aihub,ID3330.png,2,C:\Users\한국전파진흥협회\Desktop\dataset\combined\images\aihub\ID3330.png
aihub,ID3331.png,1,C:\Users\한국전파진흥협회\Desktop\dataset\combined\images\aihub\ID3331.png
aihub,ID3337.png,3,C:\Users\한국전파진흥협회\Desktop\dataset\combined\images\aihub\ID3337.png
aihub,ID3339.png,2,C:\Users\한국전파진흥협회\Desktop\dataset\combined\images\aihub\ID3339.png
aihub,ID3343.png,1,C:\Users\한국전파진흥협회\Desktop\dataset\combined\images\aihub\ID3343.png
aihub,ID3346.png,2,C:\Users\한국전파진흥협회\Desktop\dataset\combined\images\aihub\ID3346.png
aihub,ID3347.png,1,C:\Users\한국전파진흥협회\Desktop\dataset\combined\images\aihub\ID3347.png
aihub,ID3354.png,2,C:\Users\한국전파진흥협회\Desktop\dataset\combined\images\aihub\ID3354.png
aihub,ID3357.png,3,C:\Users\한국전파진흥협회\Desktop\dataset\combined\images\aihub\ID3357.png
aihub,ID3364.png,2,C:\Users\한국전파진흥협회\Desktop\dataset\combined\images\aihub\ID3364.png
aihub,ID3367.png,1,C:\Users\한국전파진흥협회\Desktop\dataset\combined\images\aihub\ID3367.png
aihub,ID3368.png,1,C:\Users\한국전파진흥협회\Desktop\dataset\combined\images\aihub\ID3368.png
aihub,ID3370.png,1,C:\Users\한국전파진흥협회\Desktop\dataset\combined\images\aihub\ID3370.png
aihub,ID3372.png,2,C:\Users\한국전파진흥협회\Desktop\dataset\combined\images\aihub\ID3372.png
aihub,ID3375.png,2,C:\Users\한국전파진흥협회\Desktop\dataset\combined\images\aihub\ID3375.png
aihub,ID3384.png,2,C:\Users\한국전파진흥협회\Desktop\dataset\combined\images\aihub\ID3384.png
aihub,ID3389.png,1,C:\Users\한국전파진흥협회\Desktop\dataset\combined\images\aihub\ID3389.png
aihub,ID3391.png,3,C:\Users\한국전파진흥협회\Desktop\dataset\combined\images\aihub\ID3391.png
aihub,ID3396.png,2,C:\Users\한국전파진흥협회\Desktop\dataset\combined\images\aihub\ID3396.png
aihub,ID3400.png,1,C:\Users\한국전파진흥협회\Desktop\dataset\combined\images\aihub\ID3400.png
aihub,ID3401.png,1,C:\Users\한국전파진흥협회\Desktop\dataset\combined\images\aihub\ID3401.png
aihub,ID3402.png,1,C:\Users\한국전파진흥협회\Desktop\dataset\combined\images\aihub\ID3402.png
aihub,ID3407.png,2,C:\Users\한국전파진흥협회\Desktop\dataset\combined\images\aihub\ID3407.png
aihub,ID3408.png,1,C:\Users\한국전파진흥협회\Desktop\dataset\combined\images\aihub\ID3408.png
aihub,ID3413.png,3,C:\Users\한국전파진흥협회\Desktop\dataset\combined\images\aihub\ID3413.png
aihub,ID3424.png,3,C:\Users\한국전파진흥협회\Desktop\dataset\combined\images\aihub\ID3424.png
aihub,ID3433.png,1,C:\Users\한국전파진흥협회\Desktop\dataset\combined\images\aihub\ID3433.png
aihub,ID3434.png,2,C:\Users\한국전파진흥협회\Desktop\dataset\combined\images\aihub\ID3434.png
aihub,ID3439.png,1,C:\Users\한국전파진흥협회\Desktop\dataset\combined\images\aihub\ID3439.png
aihub,ID3440.png,1,C:\Users\한국전파진흥협회\Desktop\dataset\combined\images\aihub\ID3440.png
aihub,ID3446.png,1,C:\Users\한국전파진흥협회\Desktop\dataset\combined\images\aihub\ID3446.png
aihub,ID3452.png,1,C:\Users\한국전파진흥협회\Desktop\dataset\combined\images\aihub\ID3452.png
aihub,ID3453.png,1,C:\Users\한국전파진흥협회\Desktop\dataset\combined\images\aihub\ID3453.png
aihub,ID3456.png,1,C:\Users\한국전파진흥협회\Desktop\dataset\combined\images\aihub\ID3456.png
aihub,ID3462.png,2,C:\Users\한국전파진흥협회\Desktop\dataset\combined\images\aihub\ID3462.png
aihub,ID3463.png,1,C:\Users\한국전파진흥협회\Desktop\dataset\combined\images\aihub\ID3463.png
aihub,ID3465.png,1,C:\Users\한국전파진흥협회\Desktop\dataset\combined\images\aihub\ID3465.png
aihub,ID3467.png,1,C:\Users\한국전파진흥협회\Desktop\dataset\combined\images\aihub\ID3467.png
aihub,ID3470.png,2,C:\Users\한국전파진흥협회\Desktop\dataset\combined\images\aihub\ID3470.png
aihub,ID3482.png,1,C:\Users\한국전파진흥협회\Desktop\dataset\combined\images\aihub\ID3482.png
aihub,ID3485.png,1,C:\Users\한국전파진흥협회\Desktop\dataset\combined\images\aihub\ID3485.png
aihub,ID3490.png,2,C:\Users\한국전파진흥협회\Desktop\dataset\combined\images\aihub\ID3490.png
aihub,ID3492.png,2,C:\Users\한국전파진흥협회\Desktop\dataset\combined\images\aihub\ID3492.png
aihub,ID3493.png,1,C:\Users\한국전파진흥협회\Desktop\dataset\combined\images\aihub\ID3493.png
aihub,ID3500.png,2,C:\Users\한국전파진흥협회\Desktop\dataset\combined\images\aihub\ID3500.png
aihub,ID3501.png,1,C:\Users\한국전파진흥협회\Desktop\dataset\combined\images\aihub\ID3501.png
aihub,ID3508.png,1,C:\Users\한국전파진흥협회\Desktop\dataset\combined\images\aihub\ID3508.png
aihub,ID3510.png,1,C:\Users\한국전파진흥협회\Desktop\dataset\combined\images\aihub\ID3510.png
aihub,ID3512.png,4,C:\Users\한국전파진흥협회\Desktop\dataset\combined\images\aihub\ID3512.png
aihub,ID3521.png,2,C:\Users\한국전파진흥협회\Desktop\dataset\combined\images\aihub\ID3521.png
aihub,ID3522.png,1,C:\Users\한국전파진흥협회\Desktop\dataset\combined\images\aihub\ID3522.png
aihub,ID3525.png,1,C:\Users\한국전파진흥협회\Desktop\dataset\combined\images\aihub\ID3525.png
aihub,ID3526.png,1,C:\Users\한국전파진흥협회\Desktop\dataset\combined\images\aihub\ID3526.png
aihub,ID3530.png,1,C:\Users\한국전파진흥협회\Desktop\dataset\combined\images\aihub\ID3530.png
aihub,ID3533.png,2,C:\Users\한국전파진흥협회\Desktop\dataset\combined\images\aihub\ID3533.png
aihub,ID3534.png,2,C:\Users\한국전파진흥협회\Desktop\dataset\combined\images\aihub\ID3534.png
aihub,ID3535.png,1,C:\Users\한국전파진흥협회\Desktop\dataset\combined\images\aihub\ID3535.png
aihub,ID3539.png,2,C:\Users\한국전파진흥협회\Desktop\dataset\combined\images\aihub\ID3539.png
aihub,ID3541.png,1,C:\Users\한국전파진흥협회\Desktop\dataset\combined\images\aihub\ID3541.png
aihub,ID3552.png,1,C:\Users\한국전파진흥협회\Desktop\dataset\combined\images\aihub\ID3552.png
aihub,ID3553.png,2,C:\Users\한국전파진흥협회\Desktop\dataset\combined\images\aihub\ID3553.png
aihub,ID3555.png,2,C:\Users\한국전파진흥협회\Desktop\dataset\combined\images\aihub\ID3555.png
aihub,ID3556.png,2,C:\Users\한국전파진흥협회\Desktop\dataset\combined\images\aihub\ID3556.png
aihub,ID3557.png,1,C:\Users\한국전파진흥협회\Desktop\dataset\combined\images\aihub\ID3557.png
aihub,ID3558.png,2,C:\Users\한국전파진흥협회\Desktop\dataset\combined\images\aihub\ID3558.png
aihub,ID3559.png,2,C:\Users\한국전파진흥협회\Desktop\dataset\combined\images\aihub\ID3559.png
aihub,ID3560.png,1,C:\Users\한국전파진흥협회\Desktop\dataset\combined\images\aihub\ID3560.png
aihub,ID3561.png,1,C:\Users\한국전파진흥협회\Desktop\dataset\combined\images\aihub\ID3561.png
aihub,ID3562.png,2,C:\Users\한국전파진흥협회\Desktop\dataset\combined\images\aihub\ID3562.png
aihub,ID3566.png,1,C:\Users\한국전파진흥협회\Desktop\dataset\combined\images\aihub\ID3566.png
aihub,ID3568.png,1,C:\Users\한국전파진흥협회\Desktop\dataset\combined\images\aihub\ID3568.png
aihub,ID3570.png,1,C:\Users\한국전파진흥협회\Desktop\dataset\combined\images\aihub\ID3570.png
aihub,ID3576.png,1,C:\Users\한국전파진흥협회\Desktop\dataset\combined\images\aihub\ID3576.png
aihub,ID3578.png,1,C:\Users\한국전파진흥협회\Desktop\dataset\combined\images\aihub\ID3578.png
aihub,ID3579.png,1,C:\Users\한국전파진흥협회\Desktop\dataset\combined\images\aihub\ID3579.png
aihub,ID3580.png,1,C:\Users\한국전파진흥협회\Desktop\dataset\combined\images\aihub\ID3580.png
aihub,ID3582.png,2,C:\Users\한국전파진흥협회\Desktop\dataset\combined\images\aihub\ID3582.png
aihub,ID3586.png,2,C:\Users\한국전파진흥협회\Desktop\dataset\combined\images\aihub\ID3586.png
aihub,ID3591.png,1,C:\Users\한국전파진흥협회\Desktop\dataset\combined\images\aihub\ID3591.png
aihub,ID3594.png,1,C:\Users\한국전파진흥협회\Desktop\dataset\combined\images\aihub\ID3594.png
aihub,ID3595.png,2,C:\Users\한국전파진흥협회\Desktop\dataset\combined\images\aihub\ID3595.png
aihub,ID3598.png,2,C:\Users\한국전파진흥협회\Desktop\dataset\combined\images\aihub\ID3598.png
aihub,ID3601.png,1,C:\Users\한국전파진흥협회\Desktop\dataset\combined\images\aihub\ID3601.png
aihub,ID3604.png,2,C:\Users\한국전파진흥협회\Desktop\dataset\combined\images\aihub\ID3604.png
aihub,ID3609.png,2,C:\Users\한국전파진흥협회\Desktop\dataset\combined\images\aihub\ID3609.png
aihub,ID3613.png,2,C:\Users\한국전파진흥협회\Desktop\dataset\combined\images\aihub\ID3613.png
aihub,ID3616.png,2,C:\Users\한국전파진흥협회\Desktop\dataset\combined\images\aihub\ID3616.png
aihub,ID3618.png,1,C:\Users\한국전파진흥협회\Desktop\dataset\combined\images\aihub\ID3618.png
aihub,ID3619.png,1,C:\Users\한국전파진흥협회\Desktop\dataset\combined\images\aihub\ID3619.png
aihub,ID3621.png,2,C:\Users\한국전파진흥협회\Desktop\dataset\combined\images\aihub\ID3621.png
aihub,ID3626.png,2,C:\Users\한국전파진흥협회\Desktop\dataset\combined\images\aihub\ID3626.png
aihub,ID3629.png,3,C:\Users\한국전파진흥협회\Desktop\dataset\combined\images\aihub\ID3629.png
aihub,ID3636.png,2,C:\Users\한국전파진흥협회\Desktop\dataset\combined\images\aihub\ID3636.png
aihub,ID3640.png,1,C:\Users\한국전파진흥협회\Desktop\dataset\combined\images\aihub\ID3640.png
aihub,ID3645.png,1,C:\Users\한국전파진흥협회\Desktop\dataset\combined\images\aihub\ID3645.png
aihub,ID3646.png,2,C:\Users\한국전파진흥협회\Desktop\dataset\combined\images\aihub\ID3646.png
aihub,ID3648.png,2,C:\Users\한국전파진흥협회\Desktop\dataset\combined\images\aihub\ID3648.png
aihub,ID3651.png,1,C:\Users\한국전파진흥협회\Desktop\dataset\combined\images\aihub\ID3651.png
aihub,ID3653.png,1,C:\Users\한국전파진흥협회\Desktop\dataset\combined\images\aihub\ID3653.png
aihub,ID3654.png,1,C:\Users\한국전파진흥협회\Desktop\dataset\combined\images\aihub\ID3654.png
aihub,ID3659.png,1,C:\Users\한국전파진흥협회\Desktop\dataset\combined\images\aihub\ID3659.png
aihub,ID3667.png,1,C:\Users\한국전파진흥협회\Desktop\dataset\combined\images\aihub\ID3667.png
aihub,ID3670.png,3,C:\Users\한국전파진흥협회\Desktop\dataset\combined\images\aihub\ID3670.png
aihub,ID3671.png,2,C:\Users\한국전파진흥협회\Desktop\dataset\combined\images\aihub\ID3671.png
aihub,ID3673.png,2,C:\Users\한국전파진흥협회\Desktop\dataset\combined\images\aihub\ID3673.png
aihub,ID3675.png,1,C:\Users\한국전파진흥협회\Desktop\dataset\combined\images\aihub\ID3675.png
aihub,ID3683.png,1,C:\Users\한국전파진흥협회\Desktop\dataset\combined\images\aihub\ID3683.png
aihub,ID3684.png,3,C:\Users\한국전파진흥협회\Desktop\dataset\combined\images\aihub\ID3684.png
aihub,ID3694.png,2,C:\Users\한국전파진흥협회\Desktop\dataset\combined\images\aihub\ID3694.png
aihub,ID3698.png,2,C:\Users\한국전파진흥협회\Desktop\dataset\combined\images\aihub\ID3698.png
aihub,ID3700.png,1,C:\Users\한국전파진흥협회\Desktop\dataset\combined\images\aihub\ID3700.png
aihub,ID3703.png,1,C:\Users\한국전파진흥협회\Desktop\dataset\combined\images\aihub\ID3703.png
aihub,ID3707.png,1,C:\Users\한국전파진흥협회\Desktop\dataset\combined\images\aihub\ID3707.png
aihub,ID3708.png,2,C:\Users\한국전파진흥협회\Desktop\dataset\combined\images\aihub\ID3708.png
aihub,ID3715.png,2,C:\Users\한국전파진흥협회\Desktop\dataset\combined\images\aihub\ID3715.png
aihub,ID3721.png,1,C:\Users\한국전파진흥협회\Desktop\dataset\combined\images\aihub\ID3721.png
aihub,ID3724.png,2,C:\Users\한국전파진흥협회\Desktop\dataset\combined\images\aihub\ID3724.png
aihub,ID3729.png,2,C:\Users\한국전파진흥협회\Desktop\dataset\combined\images\aihub\ID3729.png
aihub,ID3730.png,1,C:\Users\한국전파진흥협회\Desktop\dataset\combined\images\aihub\ID3730.png
aihub,ID3733.png,3,C:\Users\한국전파진흥협회\Desktop\dataset\combined\images\aihub\ID3733.png
aihub,ID3736.png,1,C:\Users\한국전파진흥협회\Desktop\dataset\combined\images\aihub\ID3736.png
aihub,ID3737.png,1,C:\Users\한국전파진흥협회\Desktop\dataset\combined\images\aihub\ID3737.png
aihub,ID3738.png,2,C:\Users\한국전파진흥협회\Desktop\dataset\combined\images\aihub\ID3738.png
aihub,ID3742.png,1,C:\Users\한국전파진흥협회\Desktop\dataset\combined\images\aihub\ID3742.png
aihub,ID3743.png,1,C:\Users\한국전파진흥협회\Desktop\dataset\combined\images\aihub\ID3743.png
aihub,ID3748.png,3,C:\Users\한국전파진흥협회\Desktop\dataset\combined\images\aihub\ID3748.png
aihub,ID3750.png,1,C:\Users\한국전파진흥협회\Desktop\dataset\combined\images\aihub\ID3750.png
aihub,ID3753.png,2,C:\Users\한국전파진흥협회\Desktop\dataset\combined\images\aihub\ID3753.png
aihub,ID3754.png,2,C:\Users\한국전파진흥협회\Desktop\dataset\combined\images\aihub\ID3754.png
aihub,ID3755.png,1,C:\Users\한국전파진흥협회\Desktop\dataset\combined\images\aihub\ID3755.png
aihub,ID3756.png,1,C:\Users\한국전파진흥협회\Desktop\dataset\combined\images\aihub\ID3756.png
aihub,ID3758.png,1,C:\Users\한국전파진흥협회\Desktop\dataset\combined\images\aihub\ID3758.png
aihub,ID3759.png,1,C:\Users\한국전파진흥협회\Desktop\dataset\combined\images\aihub\ID3759.png
aihub,ID3761.png,1,C:\Users\한국전파진흥협회\Desktop\dataset\combined\images\aihub\ID3761.png
aihub,ID3762.png,1,C:\Users\한국전파진흥협회\Desktop\dataset\combined\images\aihub\ID3762.png
aihub,ID3763.png,3,C:\Users\한국전파진흥협회\Desktop\dataset\combined\images\aihub\ID3763.png
aihub,ID3764.png,2,C:\Users\한국전파진흥협회\Desktop\dataset\combined\images\aihub\ID3764.png
aihub,ID3765.png,3,C:\Users\한국전파진흥협회\Desktop\dataset\combined\images\aihub\ID3765.png
aihub,ID3766.png,1,C:\Users\한국전파진흥협회\Desktop\dataset\combined\images\aihub\ID3766.png
aihub,ID3767.png,1,C:\Users\한국전파진흥협회\Desktop\dataset\combined\images\aihub\ID3767.png
aihub,ID3769.png,2,C:\Users\한국전파진흥협회\Desktop\dataset\combined\images\aihub\ID3769.png
aihub,ID3777.png,2,C:\Users\한국전파진흥협회\Desktop\dataset\combined\images\aihub\ID3777.png
aihub,ID3778.png,4,C:\Users\한국전파진흥협회\Desktop\dataset\combined\images\aihub\ID3778.png
aihub,ID3779.png,4,C:\Users\한국전파진흥협회\Desktop\dataset\combined\images\aihub\ID3779.png
aihub,ID3780.png,2,C:\Users\한국전파진흥협회\Desktop\dataset\combined\images\aihub\ID3780.png
aihub,ID3781.png,2,C:\Users\한국전파진흥협회\Desktop\dataset\combined\images\aihub\ID3781.png
aihub,ID3782.png,2,C:\Users\한국전파진흥협회\Desktop\dataset\combined\images\aihub\ID3782.png
aihub,ID3783.png,1,C:\Users\한국전파진흥협회\Desktop\dataset\combined\images\aihub\ID3783.png
aihub,ID3784.png,1,C:\Users\한국전파진흥협회\Desktop\dataset\combined\images\aihub\ID3784.png
aihub,ID3788.png,4,C:\Users\한국전파진흥협회\Desktop\dataset\combined\images\aihub\ID3788.png
aihub,ID3789.png,1,C:\Users\한국전파진흥협회\Desktop\dataset\combined\images\aihub\ID3789.png
aihub,ID3790.png,1,C:\Users\한국전파진흥협회\Desktop\dataset\combined\images\aihub\ID3790.png
aihub,ID3791.png,2,C:\Users\한국전파진흥협회\Desktop\dataset\combined\images\aihub\ID3791.png
aihub,ID3793.png,5,C:\Users\한국전파진흥협회\Desktop\dataset\combined\images\aihub\ID3793.png
aihub,ID3795.png,1,C:\Users\한국전파진흥협회\Desktop\dataset\combined\images\aihub\ID3795.png
aihub,ID3797.png,1,C:\Users\한국전파진흥협회\Desktop\dataset\combined\images\aihub\ID3797.png
aihub,ID3798.png,1,C:\Users\한국전파진흥협회\Desktop\dataset\combined\images\aihub\ID3798.png
aihub,ID3799.png,1,C:\Users\한국전파진흥협회\Desktop\dataset\combined\images\aihub\ID3799.png
aihub,ID3801.png,1,C:\Users\한국전파진흥협회\Desktop\dataset\combined\images\aihub\ID3801.png
aihub,ID3803.png,3,C:\Users\한국전파진흥협회\Desktop\dataset\combined\images\aihub\ID3803.png
aihub,ID3808.png,3,C:\Users\한국전파진흥협회\Desktop\dataset\combined\images\aihub\ID3808.png
aihub,ID3810.png,2,C:\Users\한국전파진흥협회\Desktop\dataset\combined\images\aihub\ID3810.png
aihub,ID3812.png,2,C:\Users\한국전파진흥협회\Desktop\dataset\combined\images\aihub\ID3812.png
aihub,ID3814.png,3,C:\Users\한국전파진흥협회\Desktop\dataset\combined\images\aihub\ID3814.png
aihub,ID3815.png,2,C:\Users\한국전파진흥협회\Desktop\dataset\combined\images\aihub\ID3815.png
aihub,ID3816.png,1,C:\Users\한국전파진흥협회\Desktop\dataset\combined\images\aihub\ID3816.png
aihub,ID3817.png,2,C:\Users\한국전파진흥협회\Desktop\dataset\combined\images\aihub\ID3817.png
aihub,ID3820.png,2,C:\Users\한국전파진흥협회\Desktop\dataset\combined\images\aihub\ID3820.png
aihub,ID3821.png,3,C:\Users\한국전파진흥협회\Desktop\dataset\combined\images\aihub\ID3821.png
aihub,ID3829.png,1,C:\Users\한국전파진흥협회\Desktop\dataset\combined\images\aihub\ID3829.png
aihub,ID3831.png,2,C:\Users\한국전파진흥협회\Desktop\dataset\combined\images\aihub\ID3831.png
aihub,ID3833.png,2,C:\Users\한국전파진흥협회\Desktop\dataset\combined\images\aihub\ID3833.png
aihub,ID3836.png,2,C:\Users\한국전파진흥협회\Desktop\dataset\combined\images\aihub\ID3836.png
aihub,ID3838.png,2,C:\Users\한국전파진흥협회\Desktop\dataset\combined\images\aihub\ID3838.png
aihub,ID3843.png,2,C:\Users\한국전파진흥협회\Desktop\dataset\combined\images\aihub\ID3843.png
aihub,ID3850.png,1,C:\Users\한국전파진흥협회\Desktop\dataset\combined\images\aihub\ID3850.png
aihub,ID3853.png,1,C:\Users\한국전파진흥협회\Desktop\dataset\combined\images\aihub\ID3853.png
aihub,ID3855.png,1,C:\Users\한국전파진흥협회\Desktop\dataset\combined\images\aihub\ID3855.png
aihub,ID3857.png,2,C:\Users\한국전파진흥협회\Desktop\dataset\combined\images\aihub\ID3857.png
aihub,ID3858.png,1,C:\Users\한국전파진흥협회\Desktop\dataset\combined\images\aihub\ID3858.png
aihub,ID3861.png,1,C:\Users\한국전파진흥협회\Desktop\dataset\combined\images\aihub\ID3861.png
aihub,ID3863.png,2,C:\Users\한국전파진흥협회\Desktop\dataset\combined\images\aihub\ID3863.png
aihub,ID3865.png,3,C:\Users\한국전파진흥협회\Desktop\dataset\combined\images\aihub\ID3865.png
aihub,ID3866.png,1,C:\Users\한국전파진흥협회\Desktop\dataset\combined\images\aihub\ID3866.png
aihub,ID3872.png,2,C:\Users\한국전파진흥협회\Desktop\dataset\combined\images\aihub\ID3872.png
aihub,ID3874.png,5,C:\Users\한국전파진흥협회\Desktop\dataset\combined\images\aihub\ID3874.png
aihub,ID3878.png,2,C:\Users\한국전파진흥협회\Desktop\dataset\combined\images\aihub\ID3878.png
aihub,ID3879.png,2,C:\Users\한국전파진흥협회\Desktop\dataset\combined\images\aihub\ID3879.png
aihub,ID3880.png,1,C:\Users\한국전파진흥협회\Desktop\dataset\combined\images\aihub\ID3880.png
aihub,ID3881.png,3,C:\Users\한국전파진흥협회\Desktop\dataset\combined\images\aihub\ID3881.png
aihub,ID3882.png,2,C:\Users\한국전파진흥협회\Desktop\dataset\combined\images\aihub\ID3882.png
aihub,ID3885.png,1,C:\Users\한국전파진흥협회\Desktop\dataset\combined\images\aihub\ID3885.png
aihub,ID3887.png,2,C:\Users\한국전파진흥협회\Desktop\dataset\combined\images\aihub\ID3887.png
aihub,ID3888.png,2,C:\Users\한국전파진흥협회\Desktop\dataset\combined\images\aihub\ID3888.png
aihub,ID3889.png,2,C:\Users\한국전파진흥협회\Desktop\dataset\combined\images\aihub\ID3889.png
aihub,ID3891.png,1,C:\Users\한국전파진흥협회\Desktop\dataset\combined\images\aihub\ID3891.png
aihub,ID3893.png,1,C:\Users\한국전파진흥협회\Desktop\dataset\combined\images\aihub\ID3893.png
aihub,ID3895.png,2,C:\Users\한국전파진흥협회\Desktop\dataset\combined\images\aihub\ID3895.png
aihub,ID3900.png,2,C:\Users\한국전파진흥협회\Desktop\dataset\combined\images\aihub\ID3900.png
aihub,ID3902.png,2,C:\Users\한국전파진흥협회\Desktop\dataset\combined\images\aihub\ID3902.png
aihub,ID3904.png,1,C:\Users\한국전파진흥협회\Desktop\dataset\combined\images\aihub\ID3904.png
aihub,ID3906.png,2,C:\Users\한국전파진흥협회\Desktop\dataset\combined\images\aihub\ID3906.png
aihub,ID3907.png,1,C:\Users\한국전파진흥협회\Desktop\dataset\combined\images\aihub\ID3907.png
aihub,ID3908.png,2,C:\Users\한국전파진흥협회\Desktop\dataset\combined\images\aihub\ID3908.png
aihub,ID3909.png,1,C:\Users\한국전파진흥협회\Desktop\dataset\combined\images\aihub\ID3909.png
aihub,ID3911.png,1,C:\Users\한국전파진흥협회\Desktop\dataset\combined\images\aihub\ID3911.png
aihub,ID3914.png,2,C:\Users\한국전파진흥협회\Desktop\dataset\combined\images\aihub\ID3914.png
aihub,ID3915.png,3,C:\Users\한국전파진흥협회\Desktop\dataset\combined\images\aihub\ID3915.png
aihub,ID3916.png,1,C:\Users\한국전파진흥협회\Desktop\dataset\combined\images\aihub\ID3916.png
aihub,ID3917.png,2,C:\Users\한국전파진흥협회\Desktop\dataset\combined\images\aihub\ID3917.png
aihub,ID3918.png,2,C:\Users\한국전파진흥협회\Desktop\dataset\combined\images\aihub\ID3918.png
aihub,ID3920.png,2,C:\Users\한국전파진흥협회\Desktop\dataset\combined\images\aihub\ID3920.png
aihub,ID3923.png,1,C:\Users\한국전파진흥협회\Desktop\dataset\combined\images\aihub\ID3923.png
aihub,ID3924.png,1,C:\Users\한국전파진흥협회\Desktop\dataset\combined\images\aihub\ID3924.png
aihub,ID3925.png,3,C:\Users\한국전파진흥협회\Desktop\dataset\combined\images\aihub\ID3925.png
aihub,ID3931.png,1,C:\Users\한국전파진흥협회\Desktop\dataset\combined\images\aihub\ID3931.png
aihub,ID3934.png,2,C:\Users\한국전파진흥협회\Desktop\dataset\combined\images\aihub\ID3934.png
aihub,ID3935.png,2,C:\Users\한국전파진흥협회\Desktop\dataset\combined\images\aihub\ID3935.png
aihub,ID3936.png,3,C:\Users\한국전파진흥협회\Desktop\dataset\combined\images\aihub\ID3936.png
aihub,ID3944.png,1,C:\Users\한국전파진흥협회\Desktop\dataset\combined\images\aihub\ID3944.png
aihub,ID3947.png,2,C:\Users\한국전파진흥협회\Desktop\dataset\combined\images\aihub\ID3947.png
aihub,ID3948.png,2,C:\Users\한국전파진흥협회\Desktop\dataset\combined\images\aihub\ID3948.png
aihub,ID3953.png,3,C:\Users\한국전파진흥협회\Desktop\dataset\combined\images\aihub\ID3953.png
aihub,ID3969.png,2,C:\Users\한국전파진흥협회\Desktop\dataset\combined\images\aihub\ID3969.png
aihub,ID3970.png,1,C:\Users\한국전파진흥협회\Desktop\dataset\combined\images\aihub\ID3970.png
aihub,ID3972.png,1,C:\Users\한국전파진흥협회\Desktop\dataset\combined\images\aihub\ID3972.png
aihub,ID3973.png,2,C:\Users\한국전파진흥협회\Desktop\dataset\combined\images\aihub\ID3973.png
aihub,ID3974.png,1,C:\Users\한국전파진흥협회\Desktop\dataset\combined\images\aihub\ID3974.png
aihub,ID3976.png,3,C:\Users\한국전파진흥협회\Desktop\dataset\combined\images\aihub\ID3976.png
aihub,ID3978.png,3,C:\Users\한국전파진흥협회\Desktop\dataset\combined\images\aihub\ID3978.png
aihub,ID3979.png,2,C:\Users\한국전파진흥협회\Desktop\dataset\combined\images\aihub\ID3979.png
aihub,ID3980.png,1,C:\Users\한국전파진흥협회\Desktop\dataset\combined\images\aihub\ID3980.png
aihub,ID3981.png,1,C:\Users\한국전파진흥협회\Desktop\dataset\combined\images\aihub\ID3981.png
aihub,ID3985.png,2,C:\Users\한국전파진흥협회\Desktop\dataset\combined\images\aihub\ID3985.png
aihub,ID3986.png,2,C:\Users\한국전파진흥협회\Desktop\dataset\combined\images\aihub\ID3986.png
aihub,ID3987.png,1,C:\Users\한국전파진흥협회\Desktop\dataset\combined\images\aihub\ID3987.png
aihub,ID3988.png,4,C:\Users\한국전파진흥협회\Desktop\dataset\combined\images\aihub\ID3988.png
aihub,ID3989.png,3,C:\Users\한국전파진흥협회\Desktop\dataset\combined\images\aihub\ID3989.png
aihub,ID3990.png,2,C:\Users\한국전파진흥협회\Desktop\dataset\combined\images\aihub\ID3990.png
aihub,ID3991.png,2,C:\Users\한국전파진흥협회\Desktop\dataset\combined\images\aihub\ID3991.png
aihub,ID3992.png,4,C:\Users\한국전파진흥협회\Desktop\dataset\combined\images\aihub\ID3992.png
aihub,ID3993.png,3,C:\Users\한국전파진흥협회\Desktop\dataset\combined\images\aihub\ID3993.png
aihub,ID3997.png,4,C:\Users\한국전파진흥협회\Desktop\dataset\combined\images\aihub\ID3997.png
aihub,ID3998.png,2,C:\Users\한국전파진흥협회\Desktop\dataset\combined\images\aihub\ID3998.png
aihub,ID3999.png,2,C:\Users\한국전파진흥협회\Desktop\dataset\combined\images\aihub\ID3999.png
aihub,ID4001.png,1,C:\Users\한국전파진흥협회\Desktop\dataset\combined\images\aihub\ID4001.png
aihub,ID4003.png,2,C:\Users\한국전파진흥협회\Desktop\dataset\combined\images\aihub\ID4003.png
